argmax_source;Вид карты;Вид карты_вид_туризма;Вид карты_показатели;Вид карты_районирование;Виды туризма;ИТОГ (group);Качество жизни;Климат (уровень дискомфорта);МР;Муниципальный район;Отобразить полигоны;Перспективные виды туризма;Показать виды туризма - легенду;Столбец11;ТИП;Транспортная доступность_v1;count_101hotels;count_af;count_catering;count_ostrovok;count_passport_2019;count_passport_2024;count_rooms;Geometry;Автомобильная доступность;Доступность авиации;Доступность железной дороги;ИТОГ;Категория района;Категория районирования;Качество жизни, баллы;Климат (уровень дискомфорта), баллы;Климат (уровень комформа), баллы;Количество населенных пунктов;Количество объектов питания;Количество средств размещения;Коэффициент Гольца;Номерной фонд средств размещения;Общая площадь земель муниципального образования, гектар, 2022;Общая площадь земель муниципального образования, кв. км;Плотность дорог;Протяженность автодорог общего пользования местного значения, на конец года, км, 2022;Расстояние до аэропорта, км;Расстояние до ж/д станции;Результаты районирования;Транспортная доступность;Транспортная доступность, баллы
count_passport_2024;kinds;True;False;False;;<9;повышенный;очень сильный;Бодайбинский;Бодайбинский муниципальный район;True;;True;автомобильный, авиационный;Район;низкая;0;5;13;0;5;5;54;MultiPolygon;1;5;3;7;6;2;3;3;1;13;1;1;0,169842517;1;9225495,5;92254,955;2,016151870;186;0;225;2;1;2
count_ostrovok;kinds;True;False;False;этноэкологический, активный, познавательный;<6;пониженный;очень сильный;Мамско-Чуйский;Мамско-Чуйский муниципальный район;True;геологический, лечебно-оздоровительный;True;автомобильный, авиационный;Район;низкая;0;0;0;0;;;;MultiPolygon;1;5;3;4;4;1;1;3;1;11;0;0;0,057489446;0;4313417;43134,17;0,918065654;39,6;0;862;1;1;2
count_passport_2024;kinds;True;False;False;этнический, познавательный, промысловый, активный водный;<6;пониженный средний;очень сильный;Катангский;Катангский муниципальный район;True;;True;авиационный, водный;Район;крайне низкая;0;2;13;0;2;2;7;MultiPolygon;1;5;3;5;4;1;2;3;1;15;1;1;0,048726470;1;13916312;139163,12;0,505881156;70,4;0;677;1;1;1
count_101hotels;kinds;True;False;False;активный (рафтинг), познавательный;<9;пониженный;сильный;Усть-Илимский;Усть-Илимский муниципальный район;True;промышленный;True;железнодорожный, автомобильный, водный;Район;хорошая;5;5;30;2;4;;136;MultiPolygon;2;3;3;7;6;2;1;2;2;12;1;1;0,270263786;2;3659605;36596,05;4,893970797;179,1;260;260;2;2;3
count_passport_2024;kinds;True;False;False;лечебно-оздоровительный, познавательный;<12;повышенный средний;сильный;Киренский;Киренский муниципальный район;True;этноэкологический;True;автомобильный, авиационный, водный;Район;хорошая ;0;2;9;0;4;2;54;MultiPolygon;2;3;3;9;8;3;3;2;2;44;1;1;0,281211531;1;4380268,1;43802,681;8,912696463;390,4;710;350;3;2;3
count_passport_2024;kinds;True;False;False;познавательный, религиозный, экологический;<12;повышенный средний;сильный;Качугский;Качугский муниципальный район;True;;True;автомобильный;Район;хорошая ;0;2;2;0;2;2;27;MultiPolygon;1;3;3;9;8;3;3;2;2;77;1;1;0,190587021;1;3138961,1;31389,611;9,439428861;296,3;257;257;3;2;3
count_passport_2024;kinds;True;False;False;охотничий;<12;повышенный средний;сильный;Жигаловский;Жигаловский муниципальный район;True;спелеотуризм, сельский;True;автомобильный;Район;хорошая;1;2;2;0;2;2;17;MultiPolygon;1;3;3;9;8;3;3;2;2;37;1;1;0,113138095;1;2283743;22837,43;4,553927478;104;400;400;3;2;3
count_ostrovok;kinds;True;False;False;лечебно-оздоровительный, познавательный;<9;повышенный средний;сильный;Усть-Кутский;Усть-Кутский муниципальный район;True;этноэкологический;True;автомобильный, авиационный, водный;Район;хорошая ;2;10;22;10;6;;86;MultiPolygon;3;3;5;8;7;2;3;2;2;21;1;1;0,469500895;1;3463346,9;34633,469;11,561071171;400,4;330;0;2;3;2
count_passport_2024;kinds;True;False;False;этнический, лечебно-оздоровительный, сельский;<15;высокий;умеренный;Баяндаевский;Баяндаевский муниципальный район ( с 2014 года);True;религиозный, познавательный;True;железнодорожный, автомобильный;Район;выгодное;0;1;14;0;1;1;8;MultiPolygon;3;4;4;12;11;4;4;1;3;48;1;1;0,542610358;1;375619;3756,19;61,338750170;230,4;140;140;4;3;4
count_101hotels;kinds;True;False;False;этноэкологический, сакральный, активный (горнолыжный, горный, пеший, лыжный, водный), событийный, пляжный;<15;повышенный средний;умеренный;Ольхонский;Ольхонский муниципальный район;True;;True;железнодорожный, автомобильный, водный;Район;выгодное;216;216;54;48;116;;3189;MultiPolygon;3;3;3;14;10;4;3;1;3;41;2;5;0,516445566;5;1553002,9;15530,029;26,535687731;412,1;300;300;4;3;4
count_passport_2024;kinds;True;False;False;сельский, промысловый, пляжный;<12;повышенный средний;умеренный;Балаганский;Балаганский муниципальный район;True;водный, спелеотуризм;True;автомобильный, водный;Район;хорошая;0;1;3;0;1;1;14;MultiPolygon;3;3;5;10;9;3;3;1;3;13;1;1;0,535766023;1;634722;6347,22;24,246835623;153,9;297;81;3;3;3
count_passport_2024;kinds;True;False;False;познавательный, сельский, активный;<12;пониженный средний;умеренный;Черемховский;Черемховский муниципальный район;True;лечебно-оздоровительный;True;железнодорожный, автомобильный, водный;Район;выгодное;2;6;13;0;7;6;63;MultiPolygon;2;4;5;10;9;3;2;1;3;100;1;1;0,342775458;1;992571,9;9925,719;34,405568000;341,5;159;0;3;3;4
count_101hotels;kinds;True;False;False;этнический, сельский;<12;пониженный средний;умеренный;Зиминский;Зиминский муниципальный район;True;событийный, гастрономический;True;железнодорожный, автомобильный;Район;выгодное;7;7;5;6;9;7;39;MultiPolygon;2;3;5;10;9;3;2;1;3;50;1;1;0,365277306;1;701938,6;7019,386;30,828907258;216,4;281;0;3;3;4
count_passport_2024;kinds;True;False;False;этнический, сельский;<12;пониженный средний;умеренный;Тулунский;Тулунский муниципальный район;True;событийный, гастрономический;True;железнодорожный, автомобильный;Район;выгодное;2;5;23;1;5;5;64;MultiPolygon;3;3;5;10;9;3;2;1;3;86;1;1;0,438767411;1;1386968;13869,68;34,550184287;479,2;252;0;3;3;4
count_passport_2024;kinds;True;False;False;этноэкологический;<12;пониженный средний;умеренный;Нижнеудинский;Нижнеудинский муниципальный район;True;активный, познавательный;True;железнодорожный, автомобильный, авиационный;Район;хорошая;3;8;21;4;10;8;112;MultiPolygon;3;3;5;9;8;3;2;1;3;88;1;1;0,466086116;2;4956415,2;49564,152;19,639194069;973,4;530;0;3;3;3
count_ostrovok;kinds;True;False;False;сельский, промысловый, пляжный;<9;пониженный средний;умеренный;Усть-Удинский;Усть-Удинский муниципальный район;True;водный, спелеотуризм;True;автомобильный, водный;Район;хорошая;0;0;0;0;2;;;MultiPolygon;2;3;4;8;8;2;2;1;3;25;0;0;0,324065453;0;2044780;20447,8;11,331292364;231,7;320;140;2;3;3
count_passport_2024;kinds;True;False;False;лечебно-оздоровительный, пляжный;<12;повышенный средний;умеренный;Нукутский;Нукутский район ( до 2014 года);True;религиозный, сельский;True;автомобильный;Район;;0;2;1;0;3;2;35;MultiPolygon;5;3;5;10;9;3;3;1;3;36;1;1;0,832480816;1;247316;2473,16;100,438305649;248,4;243;41;3;4;3
count_passport_2024;kinds;True;False;False;лечебно-оздоровительный, познавательный;<12;повышенный средний;сильный;Казачинско-Ленский;Казачинско-Ленский муниципальный район;True;этноэкологический;True;автомобильный, авиационный, водный;Район;хорошая ;0;3;3;0;5;3;42;MultiPolygon;4;5;5;9;8;3;3;2;2;23;1;1;0,681839894;1;3327578;33275,78;17,925950947;596,5;0;0;3;4;3
count_passport_2024;kinds;True;False;False;лечебно-оздоровительный, пляжный;<12;повышенный средний;умеренный;Осинский;Осинский муниципальный район ( с 2014 года);True;религиозный, сельский;True;автомобильный;Район;;0;1;7;0;2;1;14;MultiPolygon;5;4;5;10;9;3;3;1;3;37;1;1;1,017376539;1;440223;4402,23;93,270910425;410,6;157;94;3;4;3
count_passport_2024;kinds;True;False;False;этнический, лечебно-оздоровительный, сельский;<12;пониженный средний;умеренный;Аларский;Аларский муниципальный район (с 2014 года);True;религиозный, познавательный;True;железнодорожный, автомобильный;Район;выгодное;0;2;5;0;2;2;15;MultiPolygon;5;4;5;10;9;3;2;1;3;72;1;1;0,813935182;1;265101;2651,01;134,137555121;355,6;195;35;3;4;4
count_ostrovok;kinds;True;False;False;парусный, горнолыжный, лечебно-оздоровительный, пляжный;<12;повышенный средний;сильный;Братский;Братский муниципальный район;True;;True;железнодорожный, автомобильный, водный;Район;хорошая;14;39;62;39;10;;542;MultiPolygon;4;5;5;11;8;3;3;2;2;59;2;3;0,633486791;3;3116443;31164,43;27,563475411;859;0;0;3;4;3
count_passport_2024;kinds;True;False;False;этнический, сельский;<12;повышенный средний;умеренный;Заларинский;Заларинский муниципальный район;True;событийный, гастрономический;True;железнодорожный, автомобильный;Район;выгодное;0;2;6;1;3;2;15;MultiPolygon;4;3;5;11;10;3;3;1;3;70;1;1;0,799621318;1;761746;7617,46;76,652847537;583,9;225;0;3;4;4
count_101hotels;kinds;True;False;False;этноэкологический, сакральный, активный (горнолыжный, горный, пеший, лыжный, водный), событийный, пляжный;<15;повышенный средний;умеренный;Слюдянский;Слюдянский муниципальный район;True;;True;железнодорожный, автомобильный, водный;Район;выгодное;90;90;72;37;42;;739;MultiPolygon;4;4;5;13;10;4;3;1;3;31;2;4;0,796892931;3;630111;6301,11;55,894913753;352,2;114;0;4;4;4
count_passport_2024;kinds;True;False;False;этнический, сельский;<12;пониженный средний;умеренный;Куйтунский;Куйтунский муниципальный район;True;событийный, гастрономический;True;железнодорожный, автомобильный;Район;выгодное;0;2;11;0;2;2;15;MultiPolygon;4;3;5;10;9;3;2;1;3;67;1;1;0,746822226;1;1114676;11146,76;57,900232893;645,4;296;0;3;4;4
count_passport_2024;kinds;True;False;False;познавательный, этнический, религиозный, лечебно-оздоровительный, активный (рафтинг);<12;пониженный средний;умеренный;Тайшетский;Тайшетский муниципальный район;True;;True;железнодорожный, автомобильный;Район;хорошая;2;3;29;1;3;3;168;MultiPolygon;4;3;5;9;8;3;2;1;3;84;1;1;0,762814132;2;2772450,7;27724,507;41,988122638;1164,1;520;0;3;4;3
count_passport_2024;kinds;True;False;False;активный (рафтинг), познавательный;<9;пониженный средний;сильный;Нижнеилимский;Нижнеилимский муниципальный район;True;промышленный;True;железнодорожный, автомобильный, водный;Район;хорошая;1;5;17;3;5;5;179;MultiPolygon;5;3;5;8;7;2;2;2;2;30;1;1;0,906619907;2;1887900;18879;36,140685418;682,3;221;0;2;4;3
count_passport_2024;kinds;True;False;False;познавательный, этнический, религиозный, лечебно-оздоровительный, активный (рафтинг);<9;пониженный;сильный;Чунский;Чунский муниципальный район;True;;True;железнодорожный, автомобильный;Район;хорошая;0;2;1;0;2;2;29;MultiPolygon;3;4;5;7;6;2;1;2;2;38;1;1;0,428778330;1;2575681;25756,81;16,469430803;424,2;190;0;2;4;3
count_passport_2024;kinds;True;False;False;этнический, лечебно-оздоровительный, сельский;<12;повышенный средний;умеренный;Боханский;Боханский муниципальный район ( с 2014 года);True;религиозный, познавательный;True;железнодорожный, автомобильный;Район;выгодное;0;1;6;0;1;1;19;MultiPolygon;5;4;5;11;10;3;3;1;3;72;1;1;0,864374952;1;367783,9;3677,839;120,940584947;444,8;128;70;3;4;4
count_passport_2024;kinds;True;False;False;познавательный, сельский, активный;<12;пониженный средний;умеренный;Усольский;Усольский муниципальный район;True;лечебно-оздоровительный;True;железнодорожный, автомобильный, водный;Район;выгодное;0;4;11;0;4;4;66;MultiPolygon;5;5;5;10;9;3;2;1;3;46;1;1;1,030683722;1;625808,7;6258,087;88,365661903;553;97;0;3;5;4
count_passport_2024;kinds;True;False;False;этнический, лечебно-оздоровительный, сельский;<12;повышенный средний;умеренный;Эхирит-Булагатский;Эхирит-Булагатский муниципальный район ( с 2014 года);True;религиозный, познавательный;True;железнодорожный, автомобильный;Район;выгодное;1;2;36;1;2;2;15;MultiPolygon;5;5;5;11;10;3;3;1;3;50;1;1;0,986798256;1;515318;5153,18;97,202115975;500,9;78;78;3;5;4
count_101hotels;kinds;True;False;False;познавательный, событийный, активный, промышленный;<15;повышенный средний;умеренный;Ангарский;Ангарское;True;;True;железнодорожный, автомобильный;Район;выгодное;17;17;177;8;15;;401;MultiPolygon;5;5;5;12;9;4;2;1;3;14;3;2;3,725103997;3;114872,2;1148,722;411,239621075;472,4;0;0;4;5;4
count_ostrovok;kinds;True;False;False;активный (горнолыжный, пеший, рафтинг), познавательный;<12;повышенный средний;умеренный;Шелеховский;Шелеховский муниципальный район;True;экологический;True;железнодорожный, автомобильный, водный;Район;выгодное;2;13;34;13;2;;18;MultiPolygon;5;5;5;11;10;3;3;1;3;26;1;2;2,325424216;1;201376,5;2013,765;264,231427202;532,1;26;0;3;5;4
count_101hotels;kinds;True;False;False;активный (горнолыжный, пеший, рафтинг), познавательный;>=15;высокий;умеренный;Иркутский;Иркутский муниципальный район;True;экологический;True;железнодорожный, автомобильный, водный;Район;выгодное;140;138;57;56;86;1;1555;MultiPolygon;5;5;5;15;11;5;4;1;3;84;2;5;1,711502315;5;1168870;11688,7;145,088846493;1695,9;50;50;5;5;4
count_ostrovok;kinds;True;False;False;;<9;пониженный;умеренный;Зима;Зима;True;познавательный;True;железнодорожный, автомобильный;Город;выгодное;0;6;0;6;3;;;MultiPolygon;;3;5;8;8;2;1;1;3;0;0;1;;0;5285;52,85;4764,427625355;251,8;281;0;2;;4
count_passport_2024;kinds;True;False;False;;<12;пониженный;умеренный;Тулун;Тулун;True;познавательный;True;железнодорожный, автомобильный;Город;выгодное;2;5;11;0;5;5;64;MultiPolygon;;3;5;9;8;3;1;1;3;0;1;1;;1;13353;133,53;2126,113981877;283,9;252;0;3;;4
count_passport_2024;kinds;True;False;False;познавательный, лечебно-оздоровительный;<12;пониженный;умеренный;Усолье-Сибирское;Усолье-Сибирское;True;;True;железнодорожный, автомобильный, водный;Город;выгодное;1;7;39;0;7;7;150;MultiPolygon;;5;5;9;8;3;1;1;3;0;1;1;;2;7919,1;79,191;2828,604260585;224;97;0;3;;4
count_passport_2024;kinds;True;False;False;познавательный, лечебно-оздоровительный;<12;пониженный;умеренный;Черемхово;Черемхово;True;;True;железнодорожный, автомобильный, водный;Город;выгодное;2;3;8;0;3;3;35;MultiPolygon;;4;5;9;8;3;1;1;3;0;1;1;;1;11860;118,6;2150,084317032;255;159;0;3;;4
count_ostrovok;kinds;True;False;False;познавательный, событийный, промышленный;<9;пониженный;умеренный;Свирск;Свирск;True;водный;True;автомобильный, водный;Город;хорошая;0;0;2;0;1;;;MultiPolygon;;4;4;7;7;2;1;1;3;0;1;0;;0;3862;38,62;1809,943034697;69,9;143;124;2;;3
count_101hotels;kinds;True;False;False;лечебно-оздоровительный, активный;<9;повышенный средний;умеренный;Саянск;Саянск;True;познавательный, событийный;True;автомобильный;Город;хорошая;7;7;0;0;6;;;MultiPolygon;;3;5;8;8;2;2;1;3;0;0;1;;0;8242;82,42;1123,513710265;92,6;297;29;2;;3
count_101hotels;kinds;True;False;False;;<12;повышенный средний;умеренный;Усть-Илимск;Усть-Илимск;True;познавательный;True;железнодорожный, автомобильный, водный;Город;хорошая;5;5;26;2;4;;136;MultiPolygon;;3;3;10;9;3;3;1;3;0;1;1;;2;22676;226,76;831,275357206;188,5;260;260;3;;3
count_ostrovok;kinds;True;False;False;познавательный, деловой, событийный;>=15;высокий;умеренный;Иркутск;Иркутск;True;;True;железнодорожный, авиационный, автомобильный, водный;Город;выгодное;265;545;354;545;157;;4504;MultiPolygon;;5;5;16;11;5;4;1;3;0;4;5;;5;27735;277,35;3485,127095727;966,6;0;0;5;;4
count_ostrovok;kinds;True;False;False;познавательный, лечебно-оздоровительный;<15;высокий;умеренный;Братск;Братск;True;промышленный, событийный;True;железнодорожный, авиационный, автомобильный, водный;Город;хорошая;14;39;46;39;8;;542;MultiPolygon;;5;5;12;10;4;4;1;3;0;1;3;;3;43241;432,41;558,728984066;241,6;0;0;4;;3
